{
  "project_info": {
    "project_number": "831814189426",
    "project_id": "flutterclass-movie-flutter-app",
    "storage_bucket": "flutterclass-movie-flutter-app.appspot.com"
  },
  "client": [
    {
      "client_info": {
        "mobilesdk_app_id": "1:831814189426:android:0522bc14e79ce9d4829deb",
        "android_client_info": {
          "package_name": "com.example.movie_theatre_app"
        }
      },
      "oauth_client": [
        {
          "client_id": "831814189426-bj3klpaui695r5r0te79atepvvv7g94e.apps.googleusercontent.com",
          "client_type": 3
        }
      ],
      "api_key": [
        {
          "current_key": "AIzaSyDpJ7ONzl631lf7pk53PQW-gVFRcWn4FYk"
        }
      ],
      "services": {
        "appinvite_service": {
          "other_platform_oauth_client": [
            {
              "client_id": "831814189426-bj3klpaui695r5r0te79atepvvv7g94e.apps.googleusercontent.com",
              "client_type": 3
            }
          ]
        }
      }
    }
  ],
  "configuration_version": "1"
}